[{"text": "participant my tank smells very bad expert dont worry bad smells usually indicate the compost is too wet try adding more dry bedding like shredded newspaper or cardboard to absorb excess moisture participant ok expert youre welcome also avoid adding oily or acidic foods as they can cause unpleasant odors participant got it ill stick to fruit and veggie scraps i cannot cook and add in right expert perfect and remember to turn the compost regularly to aerate it and prevent anaerobic conditions refrain from including cooked food", "id": "id0"}, {"text": "participant my worm bin smells really bad what should i do expert try burying the food waste deeper in the bedding also make sure you have enough bedding and air holes for proper aeration participant okay ill try that should i add more dry materials too expert yes adding some shredded cardboard or newspaper can help absorb excess moisture and cut down on odors participant great thanks for the tips expert the smell is much better now after following your advice appreciate it", "id": "id1"}, {"text": "participant hey im new and im not sure if im doing it right expert no problem what are your current bin setup and practices participant i have a plastic tote with bedding composting worms and food scraps that i bury every few days expert sounds good so far a few tips make sure you have proper ventilation holes keep bedding moist but not soaked and dont overload with food waste participant okay ill double check those things how often should i disturb the contents expert only disturb it lightly every few weeks when you add new bedding the worms prefer to be left alone mostly", "id": "id2"}, {"text": "participant i want to start vermicomposting but im worried about fruit flies any tips expert bury new food waste well under bedding to avoid attracting flies you can also cover fresh waste with a layer of shredded newspaper or cardboard participant what about using those coneshaped traps expert the traps can help catch any adult flies but prevention is best proper bedding moisture levels and airflow make it unattractive for flies participant okay makes sense ill be diligent about burying the scraps then expert sounds good let me know if you have any other fly issues once you get started", "id": "id3"}, {"text": "participant i think my worm bin is too wet how can i dry it out theres moisture visible from the sides expert you can add more dry bedding materials like shredded cardboard newspaper or coconut coir to help absorb excess moisture participant how much extra bedding should i add expert start by adding a 5cm evenly spread layer of dry bedding on top and mix it in gently see if that helps over the next few days participant okay ill give that a try should i stop adding food waste for a bit too expert yes hold off on adding any new food waste until the moisture level improves", "id": "id4"}, {"text": "participant my worms seem really inactive lately should i be concerned expert there could be a few reasons for worm inactivity have you checked the temperature moisture and oxygen levels in the bin recently participant i havent really been monitoring those conditions closely expert ideal conditions are 2528c temperature 6090 moisture in the bedding and good airflow deviations can make worms lethargic participant ill take a closer look at those factors then hopefully just an location issue expert yes worms are quite resilient if you can get their habitat back to optimal levels let me know if adjustments dont revive them", "id": "id5"}, {"text": "participant my vermicompost bin is infested with fruit flies expert fruit flies can be a nuisance but there are ways to manage them first make sure your bin is properly covered to prevent them from entering you can also try placing a small bowl of apple cider vinegar with a few drops of dish soap near the bin the flies will be attracted to the vinegar and get trapped in the soap participant ill give that a try anything else i can do expert make sure youre not overfeeding the bin with too many wet food scraps as this can attract more flies also bury food scraps under the bedding to reduce their exposure to the air participant thanks for the tips ill follow your advice and hopefully get rid of these pesky fruit flies", "id": "id6"}, {"text": "expert maggots can sometimes appear in compost bins if the conditions are right first try to identify what might be attracting them it could be overly moist conditions or certain types of food scraps remove any visible maggots and adjust your composting mix to make it less appealing to them adding more dry carbonrich materials like shredded paper or cardboard can help balance out the moisture and discourage maggots from sticking around keep an eye on the moisture levels and avoid overfeeding the bin to prevent future infestations participant got it ill clean out the bin and add more paper", "id": "id7"}, {"text": "participant my vermicompost smells terrible what should i do expert foul odors usually indicate that the compost is too wet or has too much nitrogenrich material first try aerating the compost by turning it with a pitchfork or shovel to introduce oxygen and help break down the organic matter more efficiently participant okay ill give that a try anything else expert yes if its too wet add more dry materials like shredded paper or dried leaves to absorb excess moisture also make sure youre not adding any meat dairy or oily foods to the compost as they can cause unpleasant smells", "id": "id8"}, {"text": "participant my vermicompost bin got some problem my kid accidentally poured too much water inside and now the bin is like a swimming pool expert must be quite soggy for the worms maybe try to drain some of the excess water out and add more dry bedding to absorb it", "id": "id9"}, {"text": "participant do you ever have problem with the browns to greens ratio in your compost bin expert hello yes sometimes its like juggling too much of one thing then will have smell participant got any tricks or tips to share expert yes i always keep some dried leaves or newspaper on standby remember the ratio of browntogreens we talked about its about ratios and tweaking the ratio as well i recommend using a 11 ratio now", "id": "id10"}, {"text": "participant guess what i harvested my first batch of vermicompost expert thats fantastic news how does it look participant its amazing dark crumbly and full of earthworms i cant wait to add it to my garden beds expert sounds like you did a great job with your vermicomposting setup your plants are going to love it", "id": "id11"}, {"text": "particpiant help my tank is too dry and the worms seem unhappy expert dry conditions can be tough on worms try adding some moisture by spraying the bedding lightly with water but be careful not to drown the worms you can also add more food scraps with high moisture content like fruit and vegetable peels to help increase the humidity in the bin participant ill give that a try should i cover the bin to retain moisture expert yes covering the bin with a damp cloth or lid can help retain moisture but make sure theres still some airflow to prevent the bin from becoming too damp", "id": "id12"}, {"text": "participant my vermicompost bin confirm got problem now my kid put too much food inside and now got so many flies flying around expert too much food attracts pests maybe remove some excess food and cover the bin properly to keep the flies out", "id": "id13"}, {"text": "participant it seems my helper added too much food waste and now there are flies swarming around the bin expert i see maintaining a proper balance of waste is crucial remove excess waste and ensure the bin is covered securely to deter flies", "id": "id14"}, {"text": "participant hey quick question do you pay attention to the browns to greens ratio in your compost bin expert hi yes i try to maintain a balanced ratio it helps with decomposition and prevents any funky smells why do you ask participant ive been noticing some issues with odor in my compost lately so i thought i might need to adjust the ratio do you have any tips for getting it just right expert sure thing aim for roughly a 31 ratio of browns like dried leaves or shredded paper to greens like kitchen scraps or grass clippings that usually does the trick", "id": "id15"}, {"text": "expert hows your vermicompost bin coming along participant its going alright but ive noticed a few small insects in there lately expert i see its not uncommon to have some critters in the compost have you noticed any specific types participant mostly just tiny bugs nothing too alarming but i want to make sure its still healthy for the worms expert totally understandable keeping an eye on it is always a good idea you could try adjusting the balance of materials in your bin to see if that helps participant thats a good suggestion ill try adding more dry materials and see if that makes a difference", "id": "id16"}, {"text": "conversations between various participants", "id": "id17"}, {"text": "person0 exciting news my vermicompost bin is very good and the worms are looking happy and healthy person1 thats wonderful to hear keeping your worms healthy is key to successful vermicomposting whats your secret person0 ok i make sure to monitor the moisture levels regularly not so wet not super dry la just right for the worms person1 smart move consistent moisture levels are crucial for worm health any other tips person0 i also pay attention to the temperature of the bin worms thrive in moderate temperatures so i keep the bin in a shaded area to avoid extremes person1 excellent worms are sensitive to temperature fluctuations so providing a stable environment is essential anything else you do person0 i avoid adding acidic or spicy foods to the bin as they can irritate the worms delicate skin stick to mild nonacidic foods like fruits and vegetables person1 great tip keeping the worms comfortable and wellfed ensures theyll continue to work their magic in your compost keep up the good work", "id": "id18"}, {"text": "person2 heyyo just checked on my vermicompost bin and the worms seem to be thriving person3 thats fantastic news whats your secret to keeping them happy and healthy person2 well i make sure to bury the food scraps under a layer of bedding to prevent any unpleasant odors and to give the worms easy access to their food person3 smart keeping the environment odorfree benefits both the worms and you any other tips person2 i also avoid adding citrus fruits or onions to the bin as they can be too acidic and harsh for the worms sensitive skin stick to more neutral foods like melons or squash person3 thats great maintaining a balanced diet for your worms ensures they stay healthy and productive keep up the great work", "id": "id19"}, {"text": "person4 do you find it challenging to maintain the browns to greens ratio in your compost person5 it can be a bit tricky especially when i have a lot of one type of waste i try to keep an eye on it and adjust as needed person4 its like a balancing act sometimes do you have any hacks or tricks for keeping it bal person5 definitely i keep a stockpile of dried leaves or shredded ppr on hand that way if i have excess greens i can easily balance out", "id": "id20"}, {"text": "resident a hey there i just started vermicomposting last week and im a bit worried its been so humid and rainy lately is that gonna mess things up for the worms community composter b hello humidity is good for the worms but too much water can be a problem is your bin getting too wet resident a yeah its pretty damp in there i even saw some water pooling at the bottom community composter b that happens a lot here try adding some dry bedding like shredded newspaper or cardboard itll help soak up the extra moisture j mix it in gently resident a alright ill do that i also noticed some of the worms climbing up the sides of the bin is that normal community composter b not really it usually means somethings off inside the bin they might be trying to escape from too much moisture or not enough oxygen do you turn the compost regularly resident a uh no i didnt know i was supposed to community composter b no worries just give it a gentle turn every few days it helps with airflow and keeps the worms happy and healthy resident a okay got it and how often should i be feeding them community composter b small amounts every few days is best watch how fast they eat if theres a lot of uneaten food cut back a bit overfeeding can cause bad smells and attract pests resident a that makes sense thanks for the tips ill keep an eye on their eating habits community composter b anytime feel free to ask if you have more questions happy composting", "id": "id21"}, {"text": "resident c hi i just started with vermicomposting and im not sure how much to feed the worms any advice community composter d hello great to hear youre getting into vermicomposting start with small amounts like a handful of food scraps watch how quickly the worms eat it if its gone in a couple of days you can give them a bit more next time resident c okay i was worried i might overfeed them its been really rainy lately too will that affect their appetite community composter d rainy weather can make the bin more humid which the worms generally like just make sure the bin doesnt get too wet if its very soggy add some dry bedding to balance it out resident c got it ive also noticed some tiny bugs in the bin is that normal community composter d yes its quite normal to see other small creatures in the bin they help break down the food scraps however if you notice a lot of pests it might mean the bin is too wet or theres too much food keep an eye on it and adjust as needed resident c okay good to know how do i tell if the compost is ready to use community composter d the compost is ready when it looks dark and crumbly like soil you shouldnt be able to recognize the original food scraps this usually takes a few months depending on how active your worms are resident c thanks this helps a lot i was worried i was doing it all wrong community composter d youre doing great it takes a bit of time to get the hang of it just keep an eye on the conditions in the bin and adjust as you go if you have more questions feel free to ask resident c will do thanksss", "id": "id22"}, {"text": "resident e hi im having trouble with my vermicompost tank i cant seem to find the worms even after digging through the compost what should i do community composter d hello that sounds concerning lets troubleshoot when was the last time you saw the worms resident e a few days ago but now i cant find any im worried they might have died or escaped community composter d its possible they burrowed deeper due to conditions in the tank how does the compost feel is it too wet or too dry resident e its pretty wet weve had a lot of rain lately could that be why community composter d yes excess moisture can cause the worms to dig deeper try adding some dry bedding like shredded newspaper or cardboard to absorb the extra moisture mix it in gently resident e okay ill do that but what if they really did escape or die community composter d if they escaped you might see them around the edges of the tank or nearby if they died youd notice a bad smell have you noticed either resident e no bad smell and i havent seen any outside the tank either community composter d thats a good sign theyre likely just deeper in the compost give it a day or two after adding the dry bedding and see if they come back up resident e alright ill try that im really hoping theyre okay community composter d they should be fine just keep an eye on the moisture levels and make sure they have enough food if you still cant find them in a couple of days let me know resident e ok", "id": "id23"}, {"text": "resident j hi i noticed some white worms in my container are they harmful community composter d hello those are probably potworms theyre not harmful and actually help with the composting process however their presence can indicate that the bin is too acidic or moist have you checked the ph w the ph paper or moisture levels resident j no i havent checked those community composter d try adding some crushed eggshells to neutralise the acidity and some dry bedding to absorb moisture that should help balance things out keeping the ph around 7 resident j okay ill do that thanks for the info community composter d youre welcome keep an eye on it and lmk if the potworms persist", "id": "id24"}, {"text": "resident i hello m not sure how often to harvest the compost any tips community composter d hi you can harvest the compost when it looks dark and crumbly usually every 34 months move the compost to one side and add fresh bedding and food to the other side the worms will migrate to the fresh side making it easier to collect the finished compost resident i alright that makes sense do i need to do anything special with the harvested compost community composter d just use it as you would with any other compost its great for enriching your soil if its too wet you might want to let it dry out a bit before using it resident i got it thanks for the help community composter d anytime happy composting", "id": "id25"}, {"text": "resident k \u4f60\u597d\u6211\u521a\u5f00\u59cb\u5806\u80a5\u4f46\u662f\u627e\u4e0d\u5230\u6211\u7684\u86af\u8693\u6211\u628a\u5806\u80a5\u7ffb\u4e86\u4e00\u904d\u8fd8\u662f\u770b\u4e0d\u5230\u600e\u4e48\u529e community composter e hi this could be because the worms have burrowed too deep \u6700\u8fd1\u7684\u5806\u80a5\u6e7f\u5ea6\u548c\u6e29\u5ea6\u600e\u4e48\u6837 resident k \u6700\u8fd1\u4e0b\u4e86\u5f88\u591a\u96e8\u5806\u80a5\u5f88\u6e7f community composter e too much moisture can cause worms to dig deeper try adding some dry bedding like shredded newspaper or cardboard \u6df7\u5408\u4e00\u4e0b\u770b\u770b\u80fd\u4e0d\u80fd\u6539\u5584 resident k \u597d\u7684\u6211\u4f1a\u8bd5\u8bd5\u5982\u679c\u86af\u8693\u771f\u7684\u9003\u8dd1\u6216\u6b7b\u4e86\u600e\u4e48\u529e community composter e if they escaped you might see them around the edges of the bin or nearby if they died youd notice a bad smell \u4f60\u6709\u6ce8\u610f\u5230\u8fd9\u4e9b\u5417 resident k \u6ca1\u6709\u95fb\u5230\u5f02\u5473\u4e5f\u6ca1\u770b\u5230\u6709\u86af\u8693\u9003\u51fa\u6765 community composter e thats a good sign its likely theyre just deeper in the compost \u52a0\u5e72\u586b\u6599\u540e\u7b49\u4e00\u4e24\u5929\u770b\u770b\u60c5\u51b5 resident k \u597d\u7684\u5e0c\u671b\u5b83\u4eec\u6ca1\u4e8b community composter e they should be fine for the worms ya just keep an eye on the moisture levels and make sure they have enough food \u5982\u679c\u51e0\u5929\u540e\u8fd8\u662f\u627e\u4e0d\u5230\u5b83\u4eec\u518d\u544a\u8bc9\u6211 resident k \u597d\u7684\u8c22\u8c22\u4f60\u7684\u5e2e\u52a9 community composter e \u4e0d\u5ba2\u6c14\u795d\u4f60\u5806\u80a5\u987a\u5229", "id": "id26"}, {"text": "resident h my worms seem rly quite sluggish lately is something wrong like they dont move arnd as much community composter d hi sluggish worms can indicate a problem with the compost tank conditions how is the temperature and moisture in the bin resident h its been pretty hot and the bin is kind of dry weather doesnt seem tht good community composter d worms prefer a cool and moist environment try adding some water to the bedding to increase moisture and if possible move the bin to a cooler location resident h okaycan ill add water and move it to a shady spot thanks community composter d that should help keep an eye on them and let me know if you notice any other changes ", "id": "id27"}, {"text": "resident g hey my compost bin smells really bad like rotting food what am i doing wrong community composter d hi a strong odor usually means theres too much food or the bin is too wet and not enough air circulation how much are you feeding the worms and how often are you turning the compost resident g ive been feeding them a lot and i havent really turned the compost much community composter d try reducing food nothing meat salted or sweetened and give the compost a good turn to improve aeration also add some dry bedding to balance the moisture it should help with the smell resident g hopefully it works else i would need to discard the tank community composter d it should improve things just keep an eye on it and let me know if the smell persists after 56 hours", "id": "id28"}, {"text": "resident aa hey i was wondering how much compost should i put on my plants community composter b hi for most plants you can mix about 12 inches of compost into the top part of soil if youre using it as mulch just spread a thin layer around the base of the plants resident aa okay can is there such a thing as too much compost community composter b yes too much compost can actually harm the plants by overloading them with nutrients stick to a moderate amount and mix it well with the soil resident aa got it and how often should i add compost to my garden like this ok community composter b adding compost once or twice a month is usually enough that is sufficient resident aa okay thanks for the advice community composter b anytime ", "id": "id29"}, {"text": "resident r good morning my compost is taking forever to break down is there something i can do to speed it up community composter b hello if the compost is breaking down slowly it might be too dry or not have enough worms how does it look and feel resident r its pretty dry and there arent that many worms community composter b try adding some water to increase moisture and consider adding more worms also chop up the food scraps smaller it helps them break down faster resident r alright ill do that thanks community composter b youre welcome let me know if you need more tips", "id": "id30"}, {"text": "resident v hello im not sure how often to harvest the compost any tips community composter b hi you can harvest the compost when it looks dark and crumbly usually every 34 months move the compost to one side and add fresh bedding and food to the other side the worms will migrate to the fresh side making it easier to collect the finished compost resident v okay that makes sense do i need to do anything special with the harvested compost community composter b just use it as you would with any other compost its great for enriching your soil if its too wet you might want to let it dry out a bit before using it resident v got it thanks for the help community composter b anytime happy composting", "id": "id31"}, {"text": "resident x hey my worms are very active at night but not during the day is that normal community composter b hi yes thats normal worms are more active at night because they avoid light as long as theyre eating and healthy theres no need to worry resident x oh i didnt know that good to know theyre okay community composter b absolutely just keep an eye on the overall bin conditions and they should be fine resident x thanks for the info community composter b anytime happy composting", "id": "id32"}, {"text": "resident q hey i think my worms are dying they look really sluggish and some are turning white what should i do community composter b hi sluggish pale worms can indicate a problem with the bin conditions hows the moisture level and temperature in the bin resident q its pretty damp and the weathers been hot could that be the problem community composter b yes that could be it worms prefer cool moist conditions try moving the bin to a cooler spot and adding some dry bedding to reduce moisture resident q okay ill try that thanks for the advice community composter b anytime keep an eye on them and let me know if the situation improves", "id": "id33"}, {"text": "resident y hey ive noticed some black soldier fly larvae in my compost bin is that bad community composter b hi black soldier fly larvae arent harmful at all they actually help decompose food waste really quickly if you dont mind them they can be beneficial resident y oh thats interesting i thought they might be a problem should i do anything specific if i want to keep them community composter b if youre okay with them just continue composting as usual make sure to keep the bin covered and bury the food scraps well like coffee grounds theyll do a great job at breaking down the waste resident y cool i can do that what if i decide i dont want them in the bin community composter b if you prefer not to have them you can try to reduce their population by adding more dry bedding like shredded newspaper or cardboard this makes the environment less appealing for them also be diligent about covering food scraps and maintaining a good balance of green and brown materials resident y got it are there any benefits to having black soldier fly larvae that i should know about community composter b definitely they speed up the composting process and can break down tougher food scraps that worms might not handle as quickly plus their presence indicates your compost is rich in organic matter resident y thats pretty cool are there any downsides community composter b the main downside is their appearance which can be a bit offputting for some people they can also create a more moist environment so youll need to manage the moisture level carefully actually the sg zoo uses that to remove waste as well heres a vid httpswwwyoutubecomwatchv95e2bvzxh3q resident y makes sense i think ill keep them around for now and see how it goes community composter b sounds like a good plan just keep an eye on the moisture and mix the compost regularly if you ever change your mind you can always take steps to reduce their numbers resident y thanks for all the tips i feel a lot better about this now community composter b anytime happy composting and feel free to reach out if you have any more questions", "id": "id34"}, {"text": "resident bb hello im not sure how to properly feed my worms any tips community composter b hi sure feed your worms small amounts of food scraps like fruit and vegetable peels avoid meat dairy and oily foods how often are you feeding them resident bb ive been feeding them a lot almost daily community composter b try feeding them every few days instead make sure the food scraps are small and buried under the bedding to prevent pests resident bb okay ill adjust the feeding schedule thanks", "id": "id35"}, {"text": "resident cc hi there are a lot of ants in my compost bin what should i do community composter b hello ants usually indicate that the bin is too dry try adding some water to increase the moisture also check if you have any exposed food scraps that might be attracting them resident cc yeah its pretty dry and some food scraps are on the surface community composter b adding water and burying the food scraps should help you can also place the bins legs in waterfilled containers to create a moat that ants cant cross resident cc great thanks so much really appreciate your help in supporting us as newbies haha community composter b anytime let me know if the ants persist", "id": "id36"}, {"text": "resident ii hi my compost is very clumpy and not breaking down evenly what can i do community composter b hi clumpy compost can be due to poor aeration or too much moisture how often are you turning the compost resident ii i havent been turning it much community composter b try turning it more frequently to improve aeration also add some dry materials like shredded paper to help balance the moisture you can just cut paper or noninked cardboard into small strips and dip them in water before putting it in the tanks heres a reference of a tank resident ii okay ill start turning it more often thanks for the advice community composter b youre welcome ", "id": "id37"}, {"text": "resident jj hello what should i do if my compost bin is too wet community composter b hi if your compost bin is too wet start by adding dry materials like shredded newspaper cardboard or dried leaves to absorb the excess moisture its crucial to balance the wet and dry materials in your bin resident jj okay ill add some dry materials should i stop adding food scraps for a while community composter b yes its a good idea to hold off on adding food scraps until the moisture level is balanced in the meantime focus on mixing and aerating the compost to help it dry out faster turning the compost regularly can improve air circulation and reduce moisture resident jj how often should i be turning the compost community composter b you should turn the compost every few days this helps improve aeration and speed up the drying process if your bin is too wet turning it more frequently can be very effective resident jj got it should i be concerned about any smells community composter b a strong unpleasant odor can indicate too much moisture and anaerobic conditions adding dry materials and turning the compost should help mitigate the smell if it persists make sure your bin has proper drainage and is not exposed to heavy rain resident jj what about the drainage how can i improve that erm not too sure on my end community composter b ensure your compost bin has drainage holes at the bottom if it doesnt you can add some also elevating the bin slightly off the ground can help excess water drain out more effectively you might also consider placing a tray underneath to catch any leachate resident jj that makes sense ill check the drainage and add some holes if needed should i be worried about losing nutrients if too much liquid drains out community composter b not necessarily the liquid or leachate can actually be beneficial if collected you can use it as a liquid fertilizer for your garden just dilute it with water before applying it to your plants resident jj ill try to anything else i should be aware of community composter b just keep an eye on the moisture levels and maintain a good balance of green and brown materials monitor the bin regularly and youll start to get a feel for what works best if you have any more questions feel free to reach out resident jj thank you so much for all the advice i feel more confident about managing the moisture now community composter b youre welcome and dont hesitate to contact me if you need more help", "id": "id38"}, {"text": "participant i have a white worm problem expert decrease your moisture and increase the browns including the dead leaves", "id": "id39"}, {"text": "participant a number of tanks has fungusmold expert need to flip the soil more just toss and turn gently", "id": "id40"}, {"text": "participant is there a reason why my worms are on the surface not fully on the surface but i can see some also noted black flies around the tank expert did you turn the soil over from time to time participant no expert oh then maybe try doing that", "id": "id41"}, {"text": "participant is there supposed to be white stuff in the food wastetanks white tiny things wiggling about expert no means too much greens put some cardboard or dead leaves", "id": "id42"}, {"text": "participant mushroom can the worms eat expert yes but not everyones worms eat mushrooms", "id": "id43"}]