{
  "hash": "e6517b4c",
  "configHash": "7e5db8ac",
  "lockfileHash": "ef903ddd",
  "browserHash": "ec526380",
  "optimized": {
    "react": {
      "src": "../../node_modules/react/index.js",
      "file": "react.js",
      "fileHash": "6172bf75",
      "needsInterop": true
    },
    "axios": {
      "src": "../../node_modules/axios/index.js",
      "file": "axios.js",
      "fileHash": "2d1f19b6",
      "needsInterop": false
    },
    "@microsoft/fetch-event-source": {
      "src": "../../node_modules/@microsoft/fetch-event-source/lib/esm/index.js",
      "file": "@microsoft_fetch-event-source.js",
      "fileHash": "1aa2db04",
      "needsInterop": false
    },
    "react-dom/client": {
      "src": "../../node_modules/react-dom/client.js",
      "file": "react-dom_client.js",
      "fileHash": "cf20efd6",
      "needsInterop": true
    },
    "react-router-dom": {
      "src": "../../node_modules/react-router-dom/dist/index.mjs",
      "file": "react-router-dom.js",
      "fileHash": "fd6abfe6",
      "needsInterop": false
    },
    "framer-motion": {
      "src": "../../node_modules/framer-motion/dist/es/index.mjs",
      "file": "framer-motion.js",
      "fileHash": "e39cf03b",
      "needsInterop": false
    },
    "react-icons/fa": {
      "src": "../../node_modules/react-icons/fa/index.mjs",
      "file": "react-icons_fa.js",
      "fileHash": "bf39b4e6",
      "needsInterop": false
    }
  },
  "chunks": {
    "chunk-5HNGYYSW": {
      "file": "chunk-5HNGYYSW.js"
    },
    "chunk-TVFQMRVC": {
      "file": "chunk-TVFQMRVC.js"
    },
    "chunk-G3PMV62Z": {
      "file": "chunk-G3PMV62Z.js"
    }
  }
}